contractSymbol,lastTradeDate,strike,lastPrice,bid,ask,change,percentChange,volume,openInterest,impliedVolatility,inTheMoney,contractSize,currency,type
GLD270115C00140000,2026-07-24 16:24:58+00:00,140.0,236.89,232.8,236.35,10.029999,4.4212284,4.0,268,0.8531508825683594,True,REGULAR,USD,call
GLD270115C00145000,2026-05-27 19:04:21+00:00,145.0,267.7,0.0,0.0,0.0,0.0,,0,1.0000000000000003e-05,True,REGULAR,USD,call
GLD270115C00150000,2026-07-24 16:17:37+00:00,150.0,226.9,223.05,226.6,-25.100006,-9.9603195,18.0,406,0.813478427734375,True,REGULAR,USD,call
GLD270115C00155000,2026-06-10 14:35:16+00:00,155.0,231.04,218.7,222.6,0.0,0.0,3.0,17,0.830934307861328,True,REGULAR,USD,call
GLD270115C00160000,2026-07-24 16:21:24+00:00,160.0,217.09,213.25,216.85,3.5899963,1.6814971,6.0,233,0.7738059729003908,True,REGULAR,USD,call
GLD270115C00165000,2026-06-16 16:51:36+00:00,165.0,238.36,208.0,211.85,0.0,0.0,1.0,3,0.7421900781249999,True,REGULAR,USD,call
GLD270115C00170000,2026-06-03 18:46:21+00:00,170.0,242.1,0.0,0.0,0.0,0.0,1.0,0,1.0000000000000003e-05,True,REGULAR,USD,call
GLD270115C00175000,2026-03-20 16:49:37+00:00,175.0,251.55,273.75,277.9,0.0,0.0,5.0,20,2.4601173751068117,True,REGULAR,USD,call
GLD270115C00180000,2026-06-25 19:56:41+00:00,180.0,193.7,193.75,197.4,0.0,0.0,5.0,28,0.7020293469238281,True,REGULAR,USD,call
GLD270115C00185000,2026-06-04 19:15:19+00:00,185.0,230.8,0.0,0.0,0.0,0.0,1.0,0,1.0000000000000003e-05,True,REGULAR,USD,call
GLD270115C00190000,2026-04-29 13:53:44+00:00,190.0,230.92,210.0,214.95,0.0,0.0,3.0,15,1.3150058663940425,True,REGULAR,USD,call
GLD270115C00193000,2026-07-24 18:50:45+00:00,193.0,183.1,181.2,184.75,-5.899994,-3.1216898,4.0,336,0.6596713720703126,True,REGULAR,USD,call
GLD270115C00194000,2026-04-29 13:53:44+00:00,194.0,227.05,206.4,211.0,0.0,0.0,1.0,169,1.2889134675598144,True,REGULAR,USD,call
GLD270115C00195000,2026-06-12 13:31:59+00:00,195.0,196.0,179.75,183.7,0.0,0.0,4.0,56,0.6785920812988282,True,REGULAR,USD,call
GLD270115C00196000,2026-01-26 19:59:43+00:00,196.0,272.5,280.65,284.85,0.0,0.0,2.0,3,2.757174737930298,True,REGULAR,USD,call
GLD270115C00197000,2026-05-08 15:24:18+00:00,197.0,241.19,203.5,208.15,0.0,0.0,12.0,17,1.268863518981933,True,REGULAR,USD,call
GLD270115C00198000,2026-03-04 17:24:27+00:00,198.0,279.6,0.0,0.0,0.0,0.0,1.0,0,1.0000000000000003e-05,True,REGULAR,USD,call
GLD270115C00199000,2024-10-21 19:11:53+00:00,199.0,68.4,67.5,72.2,0.0,0.0,,1,1.0000000000000003e-05,True,REGULAR,USD,call
GLD270115C00200000,2026-07-24 16:28:25+00:00,200.0,178.25,174.4,177.95,2.75,1.5669515,18.0,946,0.6366613482666017,True,REGULAR,USD,call
GLD270115C00205000,2026-07-23 13:37:38+00:00,205.0,172.2,169.45,173.1,0.0,0.0,2.0,149,0.6189613299560548,True,REGULAR,USD,call
GLD270115C00210000,2026-06-10 18:20:22+00:00,210.0,173.64,165.2,169.1,0.0,0.0,3.0,188,0.6268347863769532,True,REGULAR,USD,call
GLD270115C00215000,2026-07-24 18:52:50+00:00,215.0,161.92,159.7,163.4,-8.790009,-5.149088,2.0,385,0.5866740551757812,True,REGULAR,USD,call
GLD270115C00220000,2026-06-10 16:01:51+00:00,220.0,164.85,155.55,159.45,0.0,0.0,1.0,112,0.5952188916015625,True,REGULAR,USD,call
GLD270115C00225000,2026-07-24 17:58:54+00:00,225.0,152.53,150.0,153.7,3.0099945,2.013105,2.0,244,0.5557295404052736,True,REGULAR,USD,call
GLD270115C00230000,2026-06-11 15:56:54+00:00,230.0,151.6,145.9,149.8,0.0,0.0,1.0,152,0.5640302386474609,True,REGULAR,USD,call
GLD270115C00235000,2026-07-24 18:07:41+00:00,235.0,143.22,140.35,144.05,2.1100006,1.4952878,4.0,138,0.5265550274658204,True,REGULAR,USD,call
GLD270115C00240000,2026-06-24 18:02:39+00:00,240.0,131.5,135.7,139.15,0.0,0.0,1.0,200,0.5133410482788084,True,REGULAR,USD,call
GLD270115C00241000,2026-02-04 17:17:04+00:00,241.0,219.5,226.15,230.2,0.0,0.0,1.0,4,1.9945984156799315,True,REGULAR,USD,call
GLD270115C00242000,2026-03-18 17:12:25+00:00,242.0,215.4,209.35,213.4,0.0,0.0,10.0,12,1.736054786529541,True,REGULAR,USD,call
GLD270115C00243000,2025-04-23 13:52:49+00:00,243.0,77.79,82.5,87.25,0.0,0.0,1.0,1,1.0000000000000003e-05,True,REGULAR,USD,call
GLD270115C00244000,2026-03-19 17:38:20+00:00,244.0,188.15,207.35,211.5,0.0,0.0,2.0,11,1.7185377842712402,True,REGULAR,USD,call
GLD270115C00245000,2026-06-15 13:54:33+00:00,245.0,161.73,131.55,135.45,0.0,0.0,22.0,96,0.5208177801513671,True,REGULAR,USD,call
GLD270115C00246000,2026-03-19 17:43:37+00:00,246.0,186.3,205.45,209.55,0.0,0.0,2.0,2,1.7016006130981447,True,REGULAR,USD,call
GLD270115C00247000,2026-01-28 19:40:12+00:00,247.0,248.84,231.6,235.85,0.0,0.0,2.0,4,2.117283759536743,True,REGULAR,USD,call
GLD270115C00248000,2025-04-11 13:42:45+00:00,248.0,73.85,69.7,73.0,0.0,0.0,,3,1.0000000000000003e-05,True,REGULAR,USD,call
GLD270115C00249000,2026-05-19 17:26:50+00:00,249.0,171.98,0.0,0.0,0.0,0.0,1.0,0,1.0000000000000003e-05,True,REGULAR,USD,call
GLD270115C00250000,2026-07-24 14:58:58+00:00,250.0,129.02,126.95,129.25,-5.3799896,-4.002969,8.0,409,0.5184679501342774,True,REGULAR,USD,call
GLD270115C00251000,2026-03-23 18:23:49+00:00,251.0,164.8,0.0,0.0,0.0,0.0,1.0,0,1.0000000000000003e-05,True,REGULAR,USD,call
GLD270115C00252000,2026-01-06 18:11:21+00:00,252.0,171.1,222.5,226.75,0.0,0.0,1.0,8,1.9988098204040525,True,REGULAR,USD,call
GLD270115C00253000,2025-05-23 13:50:58+00:00,253.0,75.07,72.5,76.7,0.0,0.0,1.0,2,1.0000000000000003e-05,True,REGULAR,USD,call
GLD270115C00254000,2026-04-06 15:26:10+00:00,254.0,183.75,0.0,0.0,0.0,0.0,1.0,0,1.0000000000000003e-05,True,REGULAR,USD,call
GLD270115C00255000,2026-06-24 13:35:36+00:00,255.0,119.51,121.9,124.35,0.0,0.0,15.0,376,0.501103621826172,True,REGULAR,USD,call
GLD270115C00256000,2025-07-09 14:27:05+00:00,256.0,65.5,100.85,105.0,0.0,0.0,4.0,8,1.0000000000000003e-05,True,REGULAR,USD,call
GLD270115C00257000,2026-06-24 15:41:38+00:00,257.0,118.85,119.25,122.9,0.0,0.0,1.0,30,0.5049182809448242,True,REGULAR,USD,call
GLD270115C00258000,2025-12-29 16:46:05+00:00,258.0,151.3,202.9,207.2,0.0,0.0,1.0,8,1.7355970251464843,True,REGULAR,USD,call
GLD270115C00259000,2025-09-24 19:30:52+00:00,259.0,95.65,127.75,131.0,0.0,0.0,7.0,34,0.6506077420043946,True,REGULAR,USD,call
GLD270115C00260000,2026-07-24 18:52:43+00:00,260.0,118.5,116.45,120.05,-7.0899963,-5.6453514,1.0,144,0.4962513754272462,True,REGULAR,USD,call
GLD270115C00261000,2025-12-22 17:40:24+00:00,261.0,156.99,200.2,204.9,0.0,0.0,2.0,22,1.715943803100586,True,REGULAR,USD,call
GLD270115C00262000,2025-05-23 13:40:20+00:00,262.0,67.75,65.5,69.45,0.0,0.0,1.0,1,1.0000000000000003e-05,True,REGULAR,USD,call
GLD270115C00263000,2026-03-06 16:14:28+00:00,263.0,218.12,0.0,0.0,0.0,0.0,1.0,0,1.0000000000000003e-05,True,REGULAR,USD,call
GLD270115C00264000,2025-06-17 17:24:12+00:00,264.0,68.6,59.95,63.75,0.0,0.0,1.0,54,1.0000000000000003e-05,True,REGULAR,USD,call
GLD270115C00265000,2026-07-24 14:58:56+00:00,265.0,114.7,112.3,114.9,5.0499954,4.605559,4.0,3294,0.4738822143554688,True,REGULAR,USD,call
GLD270115C00266000,2026-03-25 19:18:27+00:00,266.0,159.26,0.0,0.0,0.0,0.0,1.0,0,1.0000000000000003e-05,True,REGULAR,USD,call
GLD270115C00267000,2025-06-16 15:39:10+00:00,267.0,67.45,57.45,61.6,0.0,0.0,2.0,20,1.0000000000000003e-05,True,REGULAR,USD,call
GLD270115C00268000,2025-10-20 16:23:47+00:00,268.0,141.7,122.65,125.5,0.0,0.0,1.0,61,0.6665682757568361,True,REGULAR,USD,call
GLD270115C00269000,2026-02-04 18:27:56+00:00,269.0,194.8,199.45,203.45,0.0,0.0,1.0,25,1.7433484512329103,True,REGULAR,USD,call
GLD270115C00270000,2026-07-20 16:33:24+00:00,270.0,105.5,107.15,110.6,0.0,0.0,9.0,632,0.46820600158691406,True,REGULAR,USD,call
GLD270115C00271000,2026-04-20 14:08:26+00:00,271.0,180.1,132.65,136.8,0.0,0.0,30.0,24,0.8467575138854979,True,REGULAR,USD,call
GLD270115C00272000,2026-06-17 19:37:21+00:00,272.0,125.14,104.85,108.6,0.0,0.0,1.0,16,0.460515648803711,True,REGULAR,USD,call
GLD270115C00273000,2026-03-03 14:35:43+00:00,273.0,206.3,0.0,0.0,0.0,0.0,2.0,0,1.0000000000000003e-05,True,REGULAR,USD,call
GLD270115C00274000,2026-06-05 13:47:44+00:00,274.0,137.03,0.0,0.0,0.0,0.0,2.0,0,1.0000000000000003e-05,True,REGULAR,USD,call
GLD270115C00275000,2026-07-24 15:53:23+00:00,275.0,106.09,103.15,105.45,-5.2100067,-4.681048,6.0,3924,0.446294599609375,True,REGULAR,USD,call
GLD270115C00276000,2026-03-18 17:57:50+00:00,276.0,183.75,177.6,180.95,0.0,0.0,2.0,44,1.474810365219116,True,REGULAR,USD,call
GLD270115C00277000,2026-04-10 17:31:14+00:00,277.0,170.95,146.5,151.3,0.0,0.0,1.0,71,1.080052207183838,True,REGULAR,USD,call
GLD270115C00278000,2026-06-24 13:38:02+00:00,278.0,98.56,99.35,103.05,0.0,0.0,1.0,29,0.44574528869628904,True,REGULAR,USD,call
GLD270115C00279000,2026-06-23 13:43:53+00:00,279.0,108.9,98.35,102.05,0.0,0.0,1.0,50,0.4419001123046875,True,REGULAR,USD,call
GLD270115C00280000,2026-07-24 15:55:10+00:00,280.0,101.65,98.5,100.75,3.2300034,3.2818568,6.0,6179,0.43280596496582036,True,REGULAR,USD,call
GLD270115C00281000,2026-01-22 19:10:35+00:00,281.0,181.62,199.25,203.5,0.0,0.0,5.0,37,1.8025522567749022,True,REGULAR,USD,call
GLD270115C00282000,2026-06-30 16:42:17+00:00,282.0,96.9,95.65,99.3,0.0,0.0,3.0,50,0.4348201049804688,True,REGULAR,USD,call
GLD270115C00283000,2026-04-10 17:33:09+00:00,283.0,163.6,141.0,145.65,0.0,0.0,1.0,180,1.0472764921569824,True,REGULAR,USD,call
GLD270115C00284000,2026-06-24 13:41:20+00:00,284.0,93.95,93.8,97.45,0.0,0.0,2.0,18,0.4297847549438477,True,REGULAR,USD,call
GLD270115C00285000,2026-07-10 17:11:50+00:00,285.0,99.5,92.85,96.55,0.0,0.0,1.0,134,0.4276485458374024,True,REGULAR,USD,call
GLD270115C00286000,2026-06-18 15:55:03+00:00,286.0,111.5,91.85,95.55,0.0,0.0,2.0,26,0.42383388671875,True,REGULAR,USD,call
GLD270115C00287000,2026-06-24 13:37:00+00:00,287.0,90.21,91.0,94.7,0.0,0.0,12.0,50,0.4225521612548828,True,REGULAR,USD,call
GLD270115C00288000,2026-07-15 14:13:18+00:00,288.0,93.8,90.15,93.75,0.0,0.0,8.0,404,0.4195614685058594,True,REGULAR,USD,call
GLD270115C00289000,2026-07-15 14:15:15+00:00,289.0,92.85,89.15,92.85,0.0,0.0,4.0,61,0.41739474212646477,True,REGULAR,USD,call
GLD270115C00290000,2026-07-20 18:25:19+00:00,290.0,86.6,89.0,91.9,0.0,0.0,9.0,397,0.41440404937744135,True,REGULAR,USD,call
GLD270115C00291000,2026-03-18 18:07:54+00:00,291.0,168.5,163.45,166.85,0.0,0.0,4.0,29,1.37131051651001,True,REGULAR,USD,call
GLD270115C00292000,2025-11-28 15:39:03+00:00,292.0,108.02,131.6,134.8,0.0,0.0,1.0,16,0.9772035971069336,True,REGULAR,USD,call
GLD270115C00293000,2026-03-06 16:14:28+00:00,293.0,190.12,0.0,0.0,0.0,0.0,1.0,0,1.0000000000000003e-05,True,REGULAR,USD,call
GLD270115C00294000,2026-06-03 14:03:13+00:00,294.0,121.7,0.0,0.0,0.0,0.0,1.0,0,1.0000000000000003e-05,True,REGULAR,USD,call
GLD270115C00295000,2026-07-17 15:42:38+00:00,295.0,82.78,84.45,87.35,0.0,0.0,4.0,282,0.40250231292724614,True,REGULAR,USD,call
GLD270115C00296000,2026-03-06 16:06:31+00:00,296.0,187.95,0.0,0.0,0.0,0.0,2.0,0,1.0000000000000003e-05,True,REGULAR,USD,call
GLD270115C00297000,2026-07-22 15:47:28+00:00,297.0,92.5,82.65,85.55,0.0,0.0,5.0,110,0.3979552392578125,True,REGULAR,USD,call
GLD270115C00298000,2026-06-18 16:10:09+00:00,298.0,100.55,82.1,84.25,0.0,0.0,2.0,148,0.38956298919677734,True,REGULAR,USD,call
GLD270115C00299000,2026-02-26 19:53:12+00:00,299.0,188.6,0.0,0.0,0.0,0.0,2.0,0,1.0000000000000003e-05,True,REGULAR,USD,call
GLD270115C00300000,2026-07-24 14:33:08+00:00,300.0,82.2,80.55,81.35,0.69999695,0.85889196,10.0,3080,0.3681398635864258,True,REGULAR,USD,call
GLD270115C00301000,2026-07-16 19:49:43+00:00,301.0,74.52,79.05,81.95,0.0,0.0,71.0,90,0.3887085055541992,True,REGULAR,USD,call
GLD270115C00302000,2026-07-09 13:47:48+00:00,302.0,86.6,78.15,81.05,0.0,0.0,1.0,161,0.38635867553710934,True,REGULAR,USD,call
GLD270115C00303000,2026-07-23 15:17:34+00:00,303.0,78.8,77.25,80.15,0.0,0.0,1.0,291,0.38400884552001957,True,REGULAR,USD,call
GLD270115C00304000,2026-06-11 14:49:56+00:00,304.0,82.68,78.1,79.8,0.0,0.0,1.0,115,0.38957824783325196,True,REGULAR,USD,call
GLD270115C00305000,2026-07-17 17:35:11+00:00,305.0,74.03,75.45,76.85,0.0,0.0,75.0,456,0.3572451971435546,True,REGULAR,USD,call
GLD270115C00306000,2026-06-15 15:55:07+00:00,306.0,104.0,76.35,78.05,0.0,0.0,3.0,44,0.3853821228027343,True,REGULAR,USD,call
GLD270115C00307000,2026-07-07 15:44:38+00:00,307.0,83.97,73.7,76.55,0.0,0.0,2.0,1721,0.3744264218139648,True,REGULAR,USD,call
GLD270115C00308000,2026-07-10 19:44:04+00:00,308.0,78.63,72.7,75.7,0.0,0.0,2.0,97,0.3726869372558594,True,REGULAR,USD,call
GLD270115C00309000,2026-06-05 14:50:23+00:00,309.0,102.05,0.0,0.0,0.0,0.0,2.0,0,1.0000000000000003e-05,True,REGULAR,USD,call
GLD270115C00310000,2026-07-22 15:21:01+00:00,310.0,81.0,70.95,74.0,0.0,0.0,1.0,2206,0.36914693359375,True,REGULAR,USD,call
GLD270115C00311000,2026-06-05 17:00:56+00:00,311.0,98.65,0.0,0.0,0.0,0.0,3.0,0,1.0000000000000003e-05,True,REGULAR,USD,call
GLD270115C00312000,2026-06-22 16:29:01+00:00,312.0,83.93,69.8,70.9,0.0,0.0,2.0,97,0.3461674270629882,True,REGULAR,USD,call
GLD270115C00313000,2026-07-20 19:37:49+00:00,313.0,67.35,68.35,71.4,0.0,0.0,5.0,28,0.36298244445800787,True,REGULAR,USD,call
GLD270115C00314000,2026-03-02 16:40:03+00:00,314.0,185.3,0.0,0.0,0.0,0.0,2.0,0,1.0000000000000003e-05,True,REGULAR,USD,call
GLD270115C00315000,2026-07-16 18:45:14+00:00,315.0,63.61,66.65,69.65,0.0,0.0,5.0,214,0.35854218124389653,True,REGULAR,USD,call
GLD270115C00316000,2026-07-17 19:54:05+00:00,316.0,64.75,65.95,68.7,0.0,0.0,125.0,116,0.3552920916748046,True,REGULAR,USD,call
GLD270115C00317000,2026-04-09 13:30:05+00:00,317.0,134.92,109.55,114.35,0.0,0.0,1.0,215,0.8721631436157226,True,REGULAR,USD,call
GLD270115C00318000,2026-04-30 13:51:36+00:00,318.0,118.09,90.7,94.0,0.0,0.0,1.0,105,0.6541782629394532,True,REGULAR,USD,call
GLD270115C00319000,2026-03-02 20:42:37+00:00,319.0,184.15,0.0,0.0,0.0,0.0,2.0,0,1.0000000000000003e-05,True,REGULAR,USD,call
GLD270115C00320000,2026-07-24 19:48:34+00:00,320.0,63.75,62.6,63.95,0.6500015,1.0301133,2.0,4075,0.3299017205810546,True,REGULAR,USD,call
GLD270115C00321000,2026-06-22 16:31:23+00:00,321.0,76.16,62.2,64.25,0.0,0.0,2.0,101,0.3428410443115234,True,REGULAR,USD,call
GLD270115C00322000,2026-06-22 16:32:40+00:00,322.0,75.34,61.35,62.45,0.0,0.0,2.0,88,0.3286810296630859,True,REGULAR,USD,call
GLD270115C00323000,2026-07-22 13:58:53+00:00,323.0,69.55,59.85,62.95,0.0,0.0,1.0,83,0.3437870797729492,True,REGULAR,USD,call
GLD270115C00324000,2026-05-06 17:49:30+00:00,324.0,118.2,85.8,88.85,0.0,0.0,2.0,218,0.6341131559753419,True,REGULAR,USD,call
GLD270115C00325000,2026-07-16 18:43:24+00:00,325.0,55.38,58.45,61.3,0.0,0.0,5.0,1415,0.3401402656555175,True,REGULAR,USD,call
GLD270115C00326000,2026-03-24 17:53:59+00:00,326.0,97.45,0.0,0.0,0.0,0.0,2.0,0,1.0000000000000003e-05,True,REGULAR,USD,call
GLD270115C00327000,2026-07-08 15:47:53+00:00,327.0,58.4,56.85,59.65,0.0,0.0,2.0,147,0.33638664108276367,True,REGULAR,USD,call
GLD270115C00328000,2026-06-24 13:55:33+00:00,328.0,58.47,56.0,58.8,0.0,0.0,5.0,70,0.3341741387939453,True,REGULAR,USD,call
GLD270115C00329000,2026-07-21 16:48:24+00:00,329.0,58.3,55.25,57.85,0.0,0.0,2.0,52,0.3307256869506836,True,REGULAR,USD,call
GLD270115C00330000,2026-07-24 19:48:34+00:00,330.0,55.6,54.8,57.05,-0.15000153,-0.26906103,1.0,1532,0.3290472369384765,True,REGULAR,USD,call
GLD270115C00331000,2026-07-21 15:01:31+00:00,331.0,56.59,53.65,56.45,0.0,0.0,1.0,388,0.32973387557983397,True,REGULAR,USD,call
GLD270115C00332000,2026-06-15 18:01:54+00:00,332.0,78.09,54.9,55.95,0.0,0.0,1.0,89,0.33151913604736327,True,REGULAR,USD,call
GLD270115C00333000,2026-07-21 19:19:09+00:00,333.0,56.05,51.2,54.9,0.0,0.0,1.0,490,0.3267889587402344,True,REGULAR,USD,call
GLD270115C00334000,2026-07-17 16:01:28+00:00,334.0,50.67,51.3,54.1,0.0,0.0,4.0,122,0.32498843963623036,True,REGULAR,USD,call
GLD270115C00335000,2026-07-24 20:14:44+00:00,335.0,51.16,50.5,51.85,-6.7400017,-11.640762,1.0,465,0.306372903137207,True,REGULAR,USD,call
GLD270115C00336000,2026-07-08 13:45:13+00:00,336.0,54.17,49.75,52.6,0.0,0.0,1.0,28,0.322424988708496,True,REGULAR,USD,call
GLD270115C00337000,2026-07-06 19:56:07+00:00,337.0,59.4,49.15,51.55,0.0,0.0,10.0,21,0.3176642941284179,True,REGULAR,USD,call
GLD270115C00338000,2026-07-13 14:32:36+00:00,338.0,47.0,48.25,50.8,0.0,0.0,2.0,204,0.31632153411865227,True,REGULAR,USD,call
GLD270115C00339000,2026-06-05 18:59:30+00:00,339.0,73.85,0.0,0.0,0.0,0.0,9.0,0,1.0000000000000003e-05,True,REGULAR,USD,call
GLD270115C00340000,2026-07-22 14:18:23+00:00,340.0,55.33,46.9,48.05,0.0,0.0,1.0,2212,0.2994912580871582,True,REGULAR,USD,call
GLD270115C00341000,2026-07-23 13:30:11+00:00,341.0,48.55,46.0,47.3,0.0,0.0,1.0,334,0.2981027221679687,True,REGULAR,USD,call
GLD270115C00342000,2026-06-26 19:57:36+00:00,342.0,50.55,45.25,47.75,0.0,0.0,1.0,75,0.3099434240722656,True,REGULAR,USD,call
GLD270115C00343000,2026-07-08 19:55:03+00:00,343.0,50.0,44.55,47.0,0.0,0.0,8.0,227,0.30840230178833,True,REGULAR,USD,call
GLD270115C00344000,2026-06-24 17:03:08+00:00,344.0,46.0,44.25,45.1,0.0,0.0,3.0,22,0.2942575457763671,True,REGULAR,USD,call
GLD270115C00345000,2026-07-22 15:54:14+00:00,345.0,52.43,43.05,44.4,0.0,0.0,1.0,4275,0.29326573440551745,True,REGULAR,USD,call
GLD270115C00346000,2026-07-15 17:54:30+00:00,346.0,45.4,42.4,43.7,0.0,0.0,6.0,224,0.2922128884887695,True,REGULAR,USD,call
GLD270115C00347000,2026-07-16 14:48:41+00:00,347.0,40.73,42.0,44.1,0.0,0.0,2.0,109,0.3029244512939453,True,REGULAR,USD,call
GLD270115C00348000,2026-07-16 13:48:00+00:00,348.0,38.87,41.0,42.25,0.0,0.0,1.0,158,0.28945107528686514,True,REGULAR,USD,call
GLD270115C00349000,2026-07-09 15:35:19+00:00,349.0,47.92,40.5,41.55,0.0,0.0,15.0,100,0.28827616027832026,True,REGULAR,USD,call
GLD270115C00350000,2026-07-24 19:52:14+00:00,350.0,40.6,40.2,40.85,0.19999695,0.49504194,23.0,10480,0.2870402107238769,True,REGULAR,USD,call
GLD270115C00351000,2026-07-15 17:55:50+00:00,351.0,41.85,39.05,40.2,0.0,0.0,22.0,65,0.2862925375366211,True,REGULAR,USD,call
GLD270115C00352000,2026-06-24 16:24:38+00:00,352.0,40.6,38.25,40.6,0.0,0.0,10.0,15,0.29645478942871095,True,REGULAR,USD,call
GLD270115C00353000,2026-07-06 13:50:52+00:00,353.0,46.4,37.6,40.45,0.0,0.0,1.0,64,0.30074246627807616,True,REGULAR,USD,call
GLD270115C00354000,2026-07-14 19:01:49+00:00,354.0,39.52,37.4,38.2,0.0,0.0,4.0,422,0.2832408102416991,True,REGULAR,USD,call
GLD270115C00355000,2026-07-23 19:32:40+00:00,355.0,37.2,36.75,37.55,0.0,0.0,1.0,719,0.2822947747802734,True,REGULAR,USD,call
GLD270115C00356000,2026-07-22 14:11:05+00:00,356.0,44.08,35.6,36.9,0.0,0.0,4.0,41,0.2812877047729492,True,REGULAR,USD,call
GLD270115C00357000,2026-07-17 16:24:12+00:00,357.0,35.48,35.45,36.25,0.0,0.0,1.0,155,0.2802501174926757,True,REGULAR,USD,call
GLD270115C00358000,2026-07-24 13:42:21+00:00,358.0,35.25,34.95,35.6,-0.9000015,-2.4896307,2.0,129,0.2791514956665039,True,REGULAR,USD,call
GLD270115C00359000,2026-07-22 18:23:35+00:00,359.0,40.13,34.3,34.95,0.0,0.0,4.0,382,0.27802235656738283,True,REGULAR,USD,call
GLD270115C00360000,2026-07-24 14:27:34+00:00,360.0,34.95,33.75,34.35,1.2000008,3.5555577,1.0,10564,0.27732045928955074,True,REGULAR,USD,call
GLD270115C00365000,2026-07-24 20:05:31+00:00,365.0,31.05,30.75,31.25,-0.21000099,-0.6717882,6.0,2313,0.27211726425170896,True,REGULAR,USD,call
GLD270115C00370000,2026-07-24 20:05:31+00:00,370.0,28.2,27.9,28.45,0.0,0.0,32.0,2689,0.2685772605895996,True,REGULAR,USD,call
GLD270115C00375000,2026-07-24 18:59:56+00:00,375.0,25.7,25.3,25.8,-0.099998474,-0.387591,39.0,9442,0.2651440673828125,False,REGULAR,USD,call
GLD270115C00380000,2026-07-24 20:14:44+00:00,380.0,23.0,23.0,23.35,-0.29999924,-1.2875504,14.0,9548,0.2622907023620606,False,REGULAR,USD,call
GLD270115C00385000,2026-07-24 20:07:58+00:00,385.0,20.86,20.15,21.05,-0.09000015,-0.429595,40.0,2093,0.25949837188720704,False,REGULAR,USD,call
GLD270115C00390000,2026-07-24 15:33:49+00:00,390.0,19.7,18.4,18.95,0.70000076,3.6842146,15.0,3793,0.2573011282348633,False,REGULAR,USD,call
GLD270115C00395000,2026-07-23 19:50:01+00:00,395.0,16.91,16.35,17.05,0.0,0.0,27.0,3676,0.2556684541320801,False,REGULAR,USD,call
GLD270115C00400000,2026-07-24 19:55:57+00:00,400.0,15.15,14.8,15.3,-0.10000038,-0.6557402,162.0,12518,0.25418836639404296,False,REGULAR,USD,call
GLD270115C00405000,2026-07-24 14:49:36+00:00,405.0,13.8,13.2,13.7,0.07999992,0.5830898,1.0,1958,0.2529218995666504,False,REGULAR,USD,call
GLD270115C00410000,2026-07-24 19:15:59+00:00,410.0,12.05,11.8,12.3,-0.09999943,-0.8230406,11.0,6580,0.2524488818359375,False,REGULAR,USD,call
GLD270115C00415000,2026-07-24 17:46:06+00:00,415.0,11.1,10.55,11.0,0.20000076,1.8348695,11.0,7461,0.25177750183105463,False,REGULAR,USD,call
GLD270115C00420000,2026-07-24 19:59:46+00:00,420.0,9.7,9.35,9.85,-0.05000019,-0.51282245,62.0,6348,0.25157913955688477,False,REGULAR,USD,call
GLD270115C00425000,2026-07-24 17:53:45+00:00,425.0,8.8,8.35,8.8,0.10000038,1.1494297,19.0,6544,0.25135026000976557,False,REGULAR,USD,call
GLD270115C00430000,2026-07-24 19:16:10+00:00,430.0,7.7,7.45,7.85,-0.01999998,-0.25906712,2.0,3969,0.25119767364501955,False,REGULAR,USD,call
GLD270115C00435000,2026-07-24 19:41:52+00:00,435.0,6.95,6.6,7.05,0.0,0.0,37.0,3058,0.2518690536499023,False,REGULAR,USD,call
GLD270115C00440000,2026-07-24 18:45:57+00:00,440.0,6.2,5.8,6.35,-0.05000019,-0.80000305,3.0,8667,0.2529066409301758,False,REGULAR,USD,call
GLD270115C00445000,2026-07-24 19:16:38+00:00,445.0,5.57,5.35,5.7,-0.049999714,-0.88967466,3.0,2388,0.2536695727539063,False,REGULAR,USD,call
GLD270115C00450000,2026-07-24 19:54:30+00:00,450.0,5.07,4.8,5.15,-0.029999733,-0.5882301,136.0,7025,0.25501233276367197,False,REGULAR,USD,call
GLD270115C00455000,2026-07-24 18:43:51+00:00,455.0,4.48,4.35,4.7,-0.05000019,-1.1037569,67.0,1578,0.25714854187011715,False,REGULAR,USD,call
GLD270115C00460000,2026-07-24 18:42:54+00:00,460.0,4.15,4.1,4.3,0.0,0.0,15.0,9476,0.2594068200683594,False,REGULAR,USD,call
GLD270115C00465000,2026-07-24 13:31:32+00:00,465.0,3.76,3.55,3.9,-0.06999993,-1.8276745,1.0,1506,0.26093268371582035,False,REGULAR,USD,call
GLD270115C00470000,2026-07-24 19:58:39+00:00,470.0,3.49,3.3,3.6,-0.00999999,-0.285714,39.0,8898,0.26367923828125,False,REGULAR,USD,call
GLD270115C00475000,2026-07-24 18:28:20+00:00,475.0,3.25,3.0,3.3,0.07999992,2.5236568,3.0,3980,0.26581544738769536,False,REGULAR,USD,call
GLD270115C00480000,2026-07-24 20:00:06+00:00,480.0,2.95,2.8,3.05,-0.14999986,-4.838705,11.0,3180,0.26843993286132806,False,REGULAR,USD,call
GLD270115C00485000,2026-07-24 18:47:43+00:00,485.0,2.75,2.55,2.84,-0.6500001,-19.11765,10.0,7510,0.27149166015625,False,REGULAR,USD,call
GLD270115C00490000,2026-07-24 17:08:06+00:00,490.0,2.59,2.37,2.75,-0.00999999,-0.38461503,6.0,4363,0.2769237347412109,False,REGULAR,USD,call
GLD270115C00495000,2026-07-24 19:34:48+00:00,495.0,2.43,2.22,2.59,0.049999952,2.1008382,9.0,2026,0.28040270385742183,False,REGULAR,USD,call
GLD270115C00500000,2026-07-24 19:46:00+00:00,500.0,2.36,2.2,2.33,0.099999905,4.4247746,352.0,20534,0.2808299456787109,False,REGULAR,USD,call
GLD270115C00505000,2026-07-22 17:49:15+00:00,505.0,2.49,1.98,2.32,0.0,0.0,18.0,774,0.2876047802734374,False,REGULAR,USD,call
GLD270115C00510000,2026-07-24 16:50:16+00:00,510.0,2.22,1.69,2.21,0.18000007,8.823533,1.0,5184,0.2913889221191405,False,REGULAR,USD,call
GLD270115C00515000,2026-07-17 14:10:18+00:00,515.0,1.93,1.77,2.1,0.0,0.0,1.0,1746,0.29492892578124996,False,REGULAR,USD,call
GLD270115C00520000,2026-07-22 18:26:04+00:00,520.0,2.1,1.62,2.0,0.0,0.0,301.0,2327,0.2985299639892578,False,REGULAR,USD,call
GLD270115C00525000,2026-07-23 15:58:44+00:00,525.0,1.77,1.52,1.92,0.0,0.0,2.0,5511,0.3024361749267578,False,REGULAR,USD,call
GLD270115C00530000,2026-07-24 15:51:44+00:00,530.0,1.73,1.29,1.84,0.09000003,5.4878073,2.0,2233,0.3061592822265625,False,REGULAR,USD,call
GLD270115C00535000,2026-07-22 13:43:26+00:00,535.0,1.8,1.5,1.77,0.0,0.0,20.0,646,0.31000445861816406,False,REGULAR,USD,call
GLD270115C00540000,2026-07-24 17:31:10+00:00,540.0,1.56,1.39,1.71,0.0,0.0,2.0,8425,0.31403273864746095,False,REGULAR,USD,call
GLD270115C00545000,2026-07-22 19:57:24+00:00,545.0,1.63,1.28,1.64,0.0,0.0,3.0,891,0.3174506732177734,False,REGULAR,USD,call
GLD270115C00550000,2026-07-24 19:05:30+00:00,550.0,1.38,1.3,1.5,-0.120000005,-8.0,23.0,19009,0.31799998413085934,False,REGULAR,USD,call
GLD270115C00555000,2026-07-23 15:59:46+00:00,555.0,1.39,1.2,1.54,0.0,0.0,2.0,5867,0.32532412963867186,False,REGULAR,USD,call
GLD270115C00560000,2026-07-24 17:38:20+00:00,560.0,1.36,1.3,1.44,-0.13,-8.724833,3.0,5549,0.32697206237792964,False,REGULAR,USD,call
GLD270115C00565000,2026-07-22 13:34:14+00:00,565.0,1.4,1.06,1.44,0.0,0.0,1.0,1207,0.3325262060546875,False,REGULAR,USD,call
GLD270115C00570000,2026-07-23 13:44:18+00:00,570.0,1.21,1.03,1.4,0.0,0.0,4.0,2796,0.33637138244628906,False,REGULAR,USD,call
GLD270115C00575000,2026-07-21 13:43:16+00:00,575.0,1.22,1.02,1.37,0.0,0.0,1.0,1672,0.3404606970214844,False,REGULAR,USD,call
GLD270115C00580000,2026-07-24 19:44:29+00:00,580.0,1.24,0.98,1.33,0.07000005,5.9829106,3.0,982,0.34400070068359373,False,REGULAR,USD,call
GLD270115C00585000,2026-07-23 16:13:51+00:00,585.0,1.17,1.0,1.3,0.0,0.0,2.0,1271,0.3479069116210937,False,REGULAR,USD,call
GLD270115C00590000,2026-07-16 14:16:47+00:00,590.0,1.12,0.94,1.27,-0.059999943,-5.084741,2.0,2009,0.35169105346679685,False,REGULAR,USD,call
GLD270115C00595000,2026-07-22 14:06:31+00:00,595.0,1.2,0.89,1.24,0.0,0.0,21.0,2581,0.35535312622070303,False,REGULAR,USD,call
GLD270115C00600000,2026-07-24 19:36:17+00:00,600.0,1.13,1.05,1.21,0.07000005,6.603779,29.0,16483,0.3588931298828125,False,REGULAR,USD,call
GLD270115C00605000,2026-07-24 19:36:17+00:00,605.0,1.06,0.89,1.18,-0.100000024,-8.620691,15.0,2319,0.362311064453125,False,REGULAR,USD,call
GLD270115C00610000,2026-07-15 15:44:13+00:00,610.0,1.28,0.82,1.16,0.0,0.0,3.0,2026,0.366217275390625,False,REGULAR,USD,call
GLD270115C00615000,2026-07-21 16:39:31+00:00,615.0,1.0,0.86,1.05,0.0,0.0,7.0,1718,0.36511865356445317,False,REGULAR,USD,call
GLD270115C00620000,2026-07-22 17:18:10+00:00,620.0,1.26,0.78,1.12,0.0,0.0,50.0,2632,0.37366348999023435,False,REGULAR,USD,call
GLD270115C00625000,2026-07-20 15:08:33+00:00,625.0,0.86,0.75,1.09,0.0,0.0,3.0,3018,0.3767152172851562,False,REGULAR,USD,call
GLD270115C00630000,2026-07-24 18:32:47+00:00,630.0,0.91,0.76,1.07,-0.20999998,-18.749998,2.0,4918,0.3802552209472656,False,REGULAR,USD,call
GLD270115C00635000,2026-07-17 13:35:25+00:00,635.0,0.88,0.73,1.05,0.0,0.0,1.0,1111,0.3836731555175781,False,REGULAR,USD,call
GLD270115C00640000,2026-07-14 16:42:04+00:00,640.0,1.0,0.7,1.04,0.0,0.0,5.0,1964,0.387701435546875,False,REGULAR,USD,call
GLD270115C00645000,2026-07-21 14:11:11+00:00,645.0,0.87,0.58,1.01,0.0,0.0,1.0,1107,0.39038695556640624,False,REGULAR,USD,call
GLD270115C00650000,2026-07-24 13:30:09+00:00,650.0,0.86,0.7,0.99,0.16000003,22.857145,1.0,3044,0.393560751953125,False,REGULAR,USD,call
GLD270115C00655000,2026-07-23 16:32:43+00:00,655.0,0.88,0.68,0.99,0.0,0.0,1.0,1869,0.3979552392578125,False,REGULAR,USD,call
GLD270115C00660000,2026-07-20 16:46:44+00:00,660.0,0.92,0.65,0.98,0.0,0.0,5.0,411,0.40161731201171874,False,REGULAR,USD,call
GLD270115C00665000,2026-07-20 15:12:42+00:00,665.0,0.92,0.42,0.96,0.0,0.0,2.0,1732,0.4046690393066406,False,REGULAR,USD,call
GLD270115C00670000,2026-07-15 17:08:20+00:00,670.0,1.06,0.6,0.94,0.0,0.0,4.0,1591,0.40759869750976563,False,REGULAR,USD,call
GLD270115C00675000,2026-07-15 15:51:17+00:00,675.0,1.05,0.41,0.93,0.0,0.0,1.0,700,0.4110166320800781,False,REGULAR,USD,call
GLD270115C00680000,2026-07-20 15:17:29+00:00,680.0,0.76,0.59,0.91,0.0,0.0,7.0,1689,0.4138242211914062,False,REGULAR,USD,call
GLD270115C00685000,2026-07-20 16:47:59+00:00,685.0,0.74,0.38,0.91,0.0,0.0,2.0,729,0.41797457031249996,False,REGULAR,USD,call
GLD270115C00690000,2026-07-20 16:47:48+00:00,690.0,0.84,0.54,0.89,0.0,0.0,2.0,538,0.4206600903320313,False,REGULAR,USD,call
GLD270115C00695000,2026-07-24 15:02:15+00:00,695.0,0.68,0.54,0.87,-0.04000002,-5.555558,6.0,1166,0.4232235412597656,False,REGULAR,USD,call
GLD270115C00700000,2026-07-24 13:44:13+00:00,700.0,0.72,0.4,0.85,-0.029999971,-3.9999962,2.0,9017,0.42566492309570314,False,REGULAR,USD,call
GLD270115C00705000,2026-07-21 16:19:23+00:00,705.0,0.81,0.33,0.85,0.0,0.0,1.0,707,0.42957113403320313,False,REGULAR,USD,call
GLD270115C00710000,2026-07-16 14:50:24+00:00,710.0,0.87,0.32,1.04,0.0,0.0,1.0,1156,0.446294599609375,False,REGULAR,USD,call
GLD270115C00715000,2026-07-22 15:27:28+00:00,715.0,0.8,0.6,1.03,0.0,0.0,2.0,458,0.4495904650878906,False,REGULAR,USD,call
GLD270115C00720000,2026-07-20 18:15:43+00:00,720.0,0.67,0.31,1.02,0.0,0.0,20.0,12601,0.45288633056640626,False,REGULAR,USD,call
GLD270115C00725000,2026-07-23 18:56:13+00:00,725.0,0.6,0.29,0.8,0.0,0.0,5.0,2038,0.4410456286621094,False,REGULAR,USD,call
GLD270115C00730000,2026-07-20 16:49:57+00:00,730.0,0.76,0.08,0.99,0.0,0.0,2.0,1250,0.4585015087890626,False,REGULAR,USD,call
GLD270115C00735000,2026-07-15 17:25:11+00:00,735.0,0.86,0.26,1.18,0.0,0.0,5.0,384,0.47437049072265625,False,REGULAR,USD,call
GLD270115C00740000,2026-07-15 17:21:09+00:00,740.0,0.9,0.25,2.73,0.0,0.0,3.0,1508,0.5486495330810548,False,REGULAR,USD,call
GLD270115C00745000,2026-07-21 14:14:00+00:00,745.0,0.64,0.05,0.96,0.0,0.0,6.0,250,0.46753462158203124,False,REGULAR,USD,call
GLD270115C00750000,2026-07-21 14:13:55+00:00,750.0,0.76,0.0,2.7,0.0,0.0,5.0,3217,0.5557295404052736,False,REGULAR,USD,call
GLD270115C00755000,2026-07-23 18:30:33+00:00,755.0,0.6,0.03,0.74,0.0,0.0,4.0,457,0.4580132324218751,False,REGULAR,USD,call
GLD270115C00760000,2026-07-15 17:34:22+00:00,760.0,0.87,0.22,1.13,0.0,0.0,3.0,424,0.4897511962890626,False,REGULAR,USD,call
GLD270115C00770000,2026-07-20 16:50:56+00:00,770.0,0.7,0.21,0.92,0.0,0.0,2.0,218,0.48254911987304694,False,REGULAR,USD,call
GLD270115C00780000,2026-07-15 15:53:27+00:00,780.0,0.84,0.19,0.9,0.0,0.0,1.0,338,0.4880422290039063,False,REGULAR,USD,call
GLD270115C00790000,2026-07-15 17:38:56+00:00,790.0,0.82,0.16,0.68,0.0,0.0,1.0,605,0.476567734375,False,REGULAR,USD,call
GLD270115C00800000,2026-07-24 13:30:00+00:00,800.0,0.49,0.25,0.6,0.04000002,8.888893,1.0,2412,0.4753470434570312,False,REGULAR,USD,call
GLD270115C00810000,2026-07-21 13:37:47+00:00,810.0,0.66,0.14,0.65,0.0,0.0,1.0,654,0.4865773999023438,False,REGULAR,USD,call
GLD270115C00820000,2026-07-15 15:53:44+00:00,820.0,0.63,0.12,0.83,0.0,0.0,1.0,445,0.5090381127929688,False,REGULAR,USD,call
GLD270115C00830000,2026-07-15 17:42:12+00:00,830.0,0.76,0.12,2.6,0.0,0.0,3.0,2671,0.5524336749267578,False,REGULAR,USD,call
GLD270115C00840000,2026-07-23 13:33:41+00:00,840.0,0.46,0.09,0.6,0.0,0.0,5.0,1104,0.5002491381835938,False,REGULAR,USD,call
GLD270115C00850000,2026-07-21 15:01:34+00:00,850.0,0.57,0.4,0.99,0.0,0.0,1.0,1279,0.51562984375,False,REGULAR,USD,call
GLD270115C00860000,2026-07-21 14:59:51+00:00,860.0,0.48,0.08,1.35,0.0,0.0,1.0,1531,0.5236864038085938,False,REGULAR,USD,call
GLD270115C00870000,2026-07-20 16:52:10+00:00,870.0,0.43,0.2,0.96,0.0,0.0,1.0,1787,0.5158739819335938,False,REGULAR,USD,call
GLD270115C00880000,2026-07-20 16:52:43+00:00,880.0,0.44,0.05,0.74,0.0,0.0,1.0,2288,0.5377243493652344,False,REGULAR,USD,call
GLD270115C00890000,2026-07-22 17:55:46+00:00,890.0,0.5,0.04,0.54,0.0,0.0,4.0,725,0.5227098510742187,False,REGULAR,USD,call
GLD270115C00900000,2026-07-24 19:47:03+00:00,900.0,0.41,0.3,0.53,-0.00999999,-2.3809502,10.0,7883,0.5119677709960937,False,REGULAR,USD,call
GLD270115P00140000,2026-07-16 14:39:12+00:00,140.0,0.14,0.06,0.2,0.0,0.0,5.0,1083,0.5459029785156251,False,REGULAR,USD,put
GLD270115P00145000,2026-07-17 16:01:35+00:00,145.0,0.15,0.07,0.19,0.0,0.0,1.0,235,0.5273484765625001,False,REGULAR,USD,put
GLD270115P00150000,2026-07-17 19:12:10+00:00,150.0,0.15,0.04,0.2,0.0,0.0,2.0,335,0.5048877636718749,False,REGULAR,USD,put
GLD270115P00155000,2026-07-08 14:04:18+00:00,155.0,0.25,0.05,0.24,0.0,0.0,1.0,51,0.5278367529296876,False,REGULAR,USD,put
GLD270115P00160000,2026-07-08 14:04:31+00:00,160.0,0.3,0.06,0.26,0.0,0.0,1.0,334,0.5151415673828125,False,REGULAR,USD,put
GLD270115P00165000,2026-05-19 13:49:06+00:00,165.0,0.26,0.0,0.0,0.0,0.0,1.0,0,0.2500075,False,REGULAR,USD,put
GLD270115P00170000,2026-06-24 19:45:26+00:00,170.0,0.45,0.08,0.3,0.0,0.0,11.0,91,0.4897511962890626,False,REGULAR,USD,put
GLD270115P00175000,2026-06-24 13:30:16+00:00,175.0,0.4,0.08,0.45,0.0,0.0,2.0,74,0.49927258544921876,False,REGULAR,USD,put
GLD270115P00180000,2026-06-18 18:01:00+00:00,180.0,0.28,0.13,0.39,0.0,0.0,2.0,65,0.4726615234375,False,REGULAR,USD,put
GLD270115P00185000,2026-06-09 16:39:14+00:00,185.0,0.5,0.15,0.55,0.0,0.0,2.0,69,0.4792532543945312,False,REGULAR,USD,put
GLD270115P00190000,2026-07-13 14:15:16+00:00,190.0,0.47,0.12,0.4,0.0,0.0,1.0,406,0.4419001123046875,False,REGULAR,USD,put
GLD270115P00193000,2026-05-28 15:52:55+00:00,193.0,0.51,0.0,0.0,0.0,0.0,7.0,0,0.2500075,False,REGULAR,USD,put
GLD270115P00194000,2026-06-30 14:32:27+00:00,194.0,0.38,0.14,0.42,0.0,0.0,1.0,290,0.43237872314453124,False,REGULAR,USD,put
GLD270115P00195000,2026-07-09 15:31:38+00:00,195.0,0.26,0.14,0.43,0.0,0.0,10.0,262,0.43066975585937506,False,REGULAR,USD,put
GLD270115P00196000,2026-07-08 15:14:49+00:00,196.0,0.55,0.14,0.44,0.0,0.0,1.0,306,0.4292049267578125,False,REGULAR,USD,put
GLD270115P00197000,2026-07-14 19:27:10+00:00,197.0,0.52,0.14,0.44,0.0,0.0,2.0,102,0.4260311303710938,False,REGULAR,USD,put
GLD270115P00198000,2026-06-24 15:17:37+00:00,198.0,0.88,0.15,0.45,0.0,0.0,222.0,330,0.4243221630859375,False,REGULAR,USD,put
GLD270115P00199000,2026-07-24 15:30:35+00:00,199.0,0.32,0.19,0.46,-0.08000001,-20.000002,13.0,351,0.4226131958007812,False,REGULAR,USD,put
GLD270115P00200000,2026-07-24 15:30:35+00:00,200.0,0.36,0.2,0.47,-0.07999998,-18.181814,13.0,10745,0.42090422851562503,False,REGULAR,USD,put
GLD270115P00205000,2026-07-08 15:14:42+00:00,205.0,0.65,0.13,0.5,0.0,0.0,1.0,25,0.4094297338867187,False,REGULAR,USD,put
GLD270115P00210000,2026-06-24 17:30:23+00:00,210.0,0.9,0.25,0.54,0.0,0.0,1.0,333,0.39893179199218753,False,REGULAR,USD,put
GLD270115P00215000,2026-06-29 13:30:00+00:00,215.0,0.68,0.29,0.55,0.0,0.0,1.0,155,0.3852600537109374,False,REGULAR,USD,put
GLD270115P00220000,2026-07-08 19:30:10+00:00,220.0,0.69,0.33,0.64,0.0,0.0,126.0,365,0.3797669445800781,False,REGULAR,USD,put
GLD270115P00225000,2026-07-13 16:51:38+00:00,225.0,0.62,0.5,0.69,0.0,0.0,1.0,6100,0.36975727905273437,False,REGULAR,USD,put
GLD270115P00230000,2026-06-24 17:51:28+00:00,230.0,1.37,0.43,0.75,0.0,0.0,11.0,143,0.36035795898437495,False,REGULAR,USD,put
GLD270115P00235000,2026-07-22 18:40:13+00:00,235.0,0.66,0.52,0.82,0.0,0.0,1.0,224,0.35156898437499995,False,REGULAR,USD,put
GLD270115P00240000,2026-07-23 16:27:06+00:00,240.0,0.85,0.58,0.89,0.0,0.0,1.0,766,0.34229173339843744,False,REGULAR,USD,put
GLD270115P00241000,2026-05-26 19:54:07+00:00,241.0,0.89,0.0,0.0,0.0,0.0,6.0,0,0.12500875,False,REGULAR,USD,put
GLD270115P00242000,2026-05-27 16:25:18+00:00,242.0,1.05,0.0,0.0,0.0,0.0,1.0,0,0.12500875,False,REGULAR,USD,put
GLD270115P00243000,2026-05-28 19:41:35+00:00,243.0,0.78,0.0,0.0,0.0,0.0,4.0,0,0.12500875,False,REGULAR,USD,put
GLD270115P00244000,2026-05-28 19:44:54+00:00,244.0,0.86,0.0,0.0,0.0,0.0,4.0,0,0.12500875,False,REGULAR,USD,put
GLD270115P00245000,2026-06-25 14:41:32+00:00,245.0,1.26,0.67,1.18,0.0,0.0,1.0,393,0.34570966796874997,False,REGULAR,USD,put
GLD270115P00246000,2026-05-28 19:43:34+00:00,246.0,0.86,0.0,0.0,0.0,0.0,4.0,0,0.12500875,False,REGULAR,USD,put
GLD270115P00247000,2026-06-01 18:40:41+00:00,247.0,1.03,0.0,0.0,0.0,0.0,2.0,0,0.12500875,False,REGULAR,USD,put
GLD270115P00248000,2026-06-01 18:40:45+00:00,248.0,0.93,0.0,0.0,0.0,0.0,2.0,0,0.12500875,False,REGULAR,USD,put
GLD270115P00249000,2026-04-23 19:05:38+00:00,249.0,0.96,0.88,1.65,0.0,0.0,2.0,169,0.35718416259765623,False,REGULAR,USD,put
GLD270115P00250000,2026-07-24 17:27:03+00:00,250.0,0.95,0.85,1.06,-0.25000006,-20.833338,1.0,2816,0.32483585327148434,False,REGULAR,USD,put
GLD270115P00251000,2026-06-24 15:41:12+00:00,251.0,1.91,0.76,1.1,0.0,0.0,1.0,650,0.3242255078124999,False,REGULAR,USD,put
GLD270115P00252000,2026-07-21 15:30:04+00:00,252.0,1.15,0.79,1.13,0.0,0.0,1.0,122,0.32306585144042954,False,REGULAR,USD,put
GLD270115P00253000,2026-06-24 14:44:14+00:00,253.0,1.9,0.8,1.14,0.0,0.0,4.0,159,0.32080757324218745,False,REGULAR,USD,put
GLD270115P00254000,2026-07-09 19:15:21+00:00,254.0,1.09,0.81,1.16,0.0,0.0,6.0,329,0.31909860595703116,False,REGULAR,USD,put
GLD270115P00255000,2026-07-17 18:23:20+00:00,255.0,1.43,0.82,1.18,0.0,0.0,258.0,1006,0.3173286041259765,False,REGULAR,USD,put
GLD270115P00256000,2026-07-14 14:11:52+00:00,256.0,1.36,0.87,1.38,0.0,0.0,6.0,21,0.32434757690429683,False,REGULAR,USD,put
GLD270115P00257000,2026-07-14 14:02:58+00:00,257.0,1.39,0.88,1.23,0.0,0.0,6.0,198,0.3143379113769531,False,REGULAR,USD,put
GLD270115P00258000,2026-07-15 15:06:32+00:00,258.0,1.39,0.9,1.26,0.0,0.0,6.0,147,0.3129951513671875,False,REGULAR,USD,put
GLD270115P00259000,2026-07-15 14:19:14+00:00,259.0,1.43,0.95,1.28,0.0,0.0,6.0,164,0.31116411499023433,False,REGULAR,USD,put
GLD270115P00260000,2026-07-23 19:56:32+00:00,260.0,1.46,0.98,1.31,0.0,0.0,4.0,1214,0.30982135498046875,False,REGULAR,USD,put
GLD270115P00261000,2026-07-13 14:08:12+00:00,261.0,1.45,1.01,1.33,0.0,0.0,36.0,287,0.30799031860351556,False,REGULAR,USD,put
GLD270115P00262000,2026-07-13 14:07:23+00:00,262.0,1.41,1.02,1.36,0.0,0.0,185.0,546,0.30652548950195313,False,REGULAR,USD,put
GLD270115P00263000,2026-07-21 14:10:20+00:00,263.0,1.4,1.05,1.39,0.0,0.0,6.0,87,0.30512169494628905,False,REGULAR,USD,put
GLD270115P00264000,2026-07-17 14:15:28+00:00,264.0,1.91,1.09,1.39,0.0,0.0,6.0,184,0.302314105834961,False,REGULAR,USD,put
GLD270115P00265000,2026-07-17 14:10:56+00:00,265.0,1.93,1.11,1.4,0.0,0.0,2.0,265,0.29999479309082033,False,REGULAR,USD,put
GLD270115P00266000,2026-07-09 14:17:18+00:00,266.0,1.47,1.14,1.47,0.0,0.0,8.0,124,0.3001778967285156,False,REGULAR,USD,put
GLD270115P00267000,2026-07-09 14:04:09+00:00,267.0,1.41,0.98,1.51,0.0,0.0,2.0,4530,0.2990792749023437,False,REGULAR,USD,put
GLD270115P00268000,2026-07-07 19:13:05+00:00,268.0,1.46,1.19,1.53,0.0,0.0,287.0,2130,0.2971261694335937,False,REGULAR,USD,put
GLD270115P00269000,2026-07-10 13:45:33+00:00,269.0,1.5,0.85,1.58,0.0,0.0,9.0,377,0.2963937548828125,False,REGULAR,USD,put
GLD270115P00270000,2026-07-23 19:56:15+00:00,270.0,1.77,1.27,1.61,0.0,0.0,1.0,1134,0.2947458221435546,False,REGULAR,USD,put
GLD270115P00271000,2026-07-07 19:13:05+00:00,271.0,1.6,1.28,1.65,0.0,0.0,2.0,2031,0.2935251312255859,False,REGULAR,USD,put
GLD270115P00272000,2026-07-07 19:13:05+00:00,272.0,1.58,1.32,1.68,0.0,0.0,2.0,675,0.291877198486328,False,REGULAR,USD,put
GLD270115P00273000,2026-07-07 19:13:06+00:00,273.0,1.65,1.35,1.72,0.0,0.0,2.0,163,0.29053443847656246,False,REGULAR,USD,put
GLD270115P00274000,2026-07-07 19:13:06+00:00,274.0,1.73,1.39,1.76,0.0,0.0,3.0,189,0.28919167846679683,False,REGULAR,USD,put
GLD270115P00275000,2026-07-17 14:13:58+00:00,275.0,2.35,1.46,1.8,0.0,0.0,5.0,84,0.28784891845703114,False,REGULAR,USD,put
GLD270115P00276000,2026-07-07 15:05:56+00:00,276.0,1.69,1.47,1.84,0.0,0.0,2.0,1985,0.2864451239013671,False,REGULAR,USD,put
GLD270115P00277000,2026-06-25 15:20:44+00:00,277.0,2.75,1.51,1.89,0.0,0.0,16.0,46,0.2854075366210937,False,REGULAR,USD,put
GLD270115P00278000,2026-06-18 16:29:11+00:00,278.0,1.87,1.76,2.13,0.0,0.0,6.0,700,0.29053443847656246,False,REGULAR,USD,put
GLD270115P00279000,2026-06-02 19:45:48+00:00,279.0,1.65,0.0,0.0,0.0,0.0,3.0,0,0.062509375,False,REGULAR,USD,put
GLD270115P00280000,2026-07-24 15:05:40+00:00,280.0,1.86,1.65,2.02,-0.35000002,-15.837106,1.0,1934,0.28125718749999995,False,REGULAR,USD,put
GLD270115P00281000,2026-05-27 14:51:23+00:00,281.0,1.63,0.0,0.0,0.0,0.0,36.0,0,0.062509375,False,REGULAR,USD,put
GLD270115P00282000,2026-06-18 14:07:40+00:00,282.0,1.99,2.0,2.33,0.0,0.0,6.0,401,0.2852244329833984,False,REGULAR,USD,put
GLD270115P00283000,2026-07-02 16:01:54+00:00,283.0,2.02,1.8,2.16,0.0,0.0,14.0,711,0.2771678729248046,False,REGULAR,USD,put
GLD270115P00284000,2026-06-17 14:38:06+00:00,284.0,1.74,2.01,2.44,0.0,0.0,9.0,219,0.28266098205566403,False,REGULAR,USD,put
GLD270115P00285000,2026-07-21 15:11:30+00:00,285.0,2.31,1.89,2.25,0.0,0.0,3.0,2621,0.27423821472167964,False,REGULAR,USD,put
GLD270115P00286000,2026-06-22 16:28:42+00:00,286.0,2.45,2.14,2.55,0.0,0.0,32.0,845,0.27997546203613277,False,REGULAR,USD,put
GLD270115P00287000,2026-06-30 15:33:16+00:00,287.0,2.89,2.0,2.38,0.0,0.0,30.0,549,0.2722851092529296,False,REGULAR,USD,put
GLD270115P00288000,2026-06-22 13:57:01+00:00,288.0,2.43,2.27,2.67,0.0,0.0,2.0,1232,0.27747304565429687,False,REGULAR,USD,put
GLD270115P00289000,2026-06-24 14:47:02+00:00,289.0,3.95,2.15,2.43,0.0,0.0,1.0,46,0.2679516564941406,False,REGULAR,USD,put
GLD270115P00290000,2026-07-24 14:13:01+00:00,290.0,2.41,2.21,2.46,-0.19999981,-7.6628284,5.0,2097,0.26593751647949215,False,REGULAR,USD,put
GLD270115P00291000,2026-07-16 18:38:42+00:00,291.0,3.66,2.26,2.73,0.0,0.0,1.0,784,0.27027096923828126,False,REGULAR,USD,put
GLD270115P00292000,2026-05-20 15:49:32+00:00,292.0,2.06,0.0,0.0,0.0,0.0,68.0,0,0.062509375,False,REGULAR,USD,put
GLD270115P00293000,2026-06-29 14:58:02+00:00,293.0,3.35,2.39,2.88,0.0,0.0,2.0,24,0.2682568292236328,False,REGULAR,USD,put
GLD270115P00294000,2026-05-15 17:07:49+00:00,294.0,2.1,1.93,2.36,0.0,0.0,142.0,121,0.25180801910400386,False,REGULAR,USD,put
GLD270115P00295000,2026-07-24 14:07:23+00:00,295.0,2.71,2.51,3.05,-0.96000004,-26.158037,1.0,1741,0.2665783792114258,False,REGULAR,USD,put
GLD270115P00296000,2026-07-10 14:39:18+00:00,296.0,2.9,2.58,3.45,0.0,0.0,1.0,162,0.27295648925781246,False,REGULAR,USD,put
GLD270115P00297000,2026-06-24 16:31:06+00:00,297.0,4.82,2.66,3.15,0.0,0.0,7.0,1243,0.2630383755493164,False,REGULAR,USD,put
GLD270115P00298000,2026-07-16 18:40:11+00:00,298.0,4.35,2.76,3.1,0.0,0.0,2.0,1081,0.25891854370117195,False,REGULAR,USD,put
GLD270115P00299000,2026-07-16 18:40:11+00:00,299.0,4.5,2.82,3.2,0.0,0.0,2.0,66,0.2582776809692383,False,REGULAR,USD,put
GLD270115P00300000,2026-07-24 19:26:17+00:00,300.0,3.17,2.9,3.2,0.47000003,17.407408,3518.0,12011,0.2553175054931641,False,REGULAR,USD,put
GLD270115P00301000,2026-07-16 19:17:18+00:00,301.0,4.67,2.98,3.5,0.0,0.0,1.0,78,0.25901009552001963,False,REGULAR,USD,put
GLD270115P00302000,2026-07-13 14:09:24+00:00,302.0,3.75,3.05,3.45,0.0,0.0,20.0,794,0.2549207809448243,False,REGULAR,USD,put
GLD270115P00303000,2026-07-23 14:02:08+00:00,303.0,3.6,3.15,3.55,0.0,0.0,1.0,3875,0.2540968145751954,False,REGULAR,USD,put
GLD270115P00304000,2026-07-13 14:08:59+00:00,304.0,4.18,3.3,3.6,0.0,0.0,4.0,570,0.25214370910644535,False,REGULAR,USD,put
GLD270115P00305000,2026-07-21 19:28:48+00:00,305.0,3.58,3.25,3.7,0.0,0.0,1.0,5260,0.2512281909179687,False,REGULAR,USD,put
GLD270115P00306000,2026-06-08 14:30:03+00:00,306.0,3.48,4.15,4.55,0.0,0.0,2.0,828,0.2649304464721679,False,REGULAR,USD,put
GLD270115P00307000,2026-07-14 18:56:14+00:00,307.0,4.55,3.5,3.95,0.0,0.0,1.0,1235,0.2501906036376953,False,REGULAR,USD,put
GLD270115P00308000,2026-06-11 16:02:59+00:00,308.0,5.52,4.4,4.8,0.0,0.0,3.0,180,0.26328251373291023,False,REGULAR,USD,put
GLD270115P00309000,2026-06-15 14:46:59+00:00,309.0,3.02,4.5,5.05,0.0,0.0,2.0,136,0.26462527374267575,False,REGULAR,USD,put
GLD270115P00310000,2026-07-23 19:04:31+00:00,310.0,4.35,3.85,4.25,0.0,0.0,11.0,2279,0.24680318634033205,False,REGULAR,USD,put
GLD270115P00311000,2026-07-21 19:56:52+00:00,311.0,4.22,3.9,4.5,0.0,0.0,1.0,359,0.2483595672607422,False,REGULAR,USD,put
GLD270115P00312000,2026-07-13 19:59:23+00:00,312.0,5.84,4.0,4.5,0.0,0.0,2.0,1214,0.2452468054199219,False,REGULAR,USD,put
GLD270115P00313000,2026-07-01 17:16:50+00:00,313.0,5.08,4.1,4.7,0.0,0.0,200.0,481,0.24570456451416017,False,REGULAR,USD,put
GLD270115P00314000,2026-06-08 19:18:12+00:00,314.0,4.09,5.1,6.6,0.0,0.0,6.0,95,0.2742076974487304,False,REGULAR,USD,put
GLD270115P00315000,2026-07-23 14:07:27+00:00,315.0,4.97,4.45,4.85,0.0,0.0,1.0,1404,0.2420424917602539,False,REGULAR,USD,put
GLD270115P00316000,2026-07-21 19:57:32+00:00,316.0,4.82,4.55,5.1,0.0,0.0,1.0,54,0.24314111358642576,False,REGULAR,USD,put
GLD270115P00317000,2026-07-13 15:00:14+00:00,317.0,6.0,4.65,5.25,0.0,0.0,1.0,461,0.24246973358154295,False,REGULAR,USD,put
GLD270115P00318000,2026-06-24 14:52:08+00:00,318.0,7.64,4.8,6.45,0.0,0.0,2.0,7,0.25843026733398444,False,REGULAR,USD,put
GLD270115P00319000,2026-06-08 14:30:02+00:00,319.0,4.65,5.85,6.4,0.0,0.0,30.0,111,0.25431043548583987,False,REGULAR,USD,put
GLD270115P00320000,2026-07-24 16:26:37+00:00,320.0,5.07,5.1,5.65,-0.6199999,-10.896307,1.0,1167,0.23926541992187497,False,REGULAR,USD,put
GLD270115P00321000,2026-07-24 16:26:37+00:00,321.0,5.2,5.25,5.7,-0.26000023,-4.761909,1.0,55,0.2368240380859375,False,REGULAR,USD,put
GLD270115P00322000,2026-06-08 14:29:59+00:00,322.0,4.94,6.3,8.0,0.0,0.0,6.0,88,0.2676770010375976,False,REGULAR,USD,put
GLD270115P00323000,2026-06-10 14:22:54+00:00,323.0,6.65,6.45,7.1,0.0,0.0,10.0,172,0.2512892254638671,False,REGULAR,USD,put
GLD270115P00324000,2026-04-01 14:36:36+00:00,324.0,6.3,0.0,0.0,0.0,0.0,1.0,0,0.0312596875,False,REGULAR,USD,put
GLD270115P00325000,2026-07-24 18:20:31+00:00,325.0,6.0,5.85,6.25,-0.5,-7.6923075,2.0,613,0.23203282623291016,False,REGULAR,USD,put
GLD270115P00326000,2026-06-29 19:43:35+00:00,326.0,8.07,6.1,6.6,0.0,0.0,1.0,164,0.23383334533691402,False,REGULAR,USD,put
GLD270115P00327000,2026-06-08 14:29:58+00:00,327.0,5.55,7.15,7.75,0.0,0.0,2.0,459,0.2467116345214844,False,REGULAR,USD,put
GLD270115P00328000,2026-06-25 14:37:26+00:00,328.0,9.1,6.4,6.85,0.0,0.0,1.0,67,0.2306595489501953,False,REGULAR,USD,put
GLD270115P00329000,2026-07-16 14:25:11+00:00,329.0,9.0,6.55,7.15,0.0,0.0,1.0,295,0.231452998046875,False,REGULAR,USD,put
GLD270115P00330000,2026-07-24 15:05:40+00:00,330.0,6.86,6.8,7.3,1.0100002,17.264961,1.0,1747,0.23007972076416017,False,REGULAR,USD,put
GLD270115P00331000,2026-06-25 14:37:26+00:00,331.0,9.8,6.95,7.4,0.0,0.0,1.0,100,0.22800454620361327,False,REGULAR,USD,put
GLD270115P00332000,2026-07-17 14:20:24+00:00,332.0,9.8,7.15,7.7,0.0,0.0,1.0,179,0.22855385711669923,False,REGULAR,USD,put
GLD270115P00333000,2026-07-14 17:10:48+00:00,333.0,8.5,7.35,7.7,0.0,0.0,2.0,193,0.22505962936401364,False,REGULAR,USD,put
GLD270115P00334000,2026-07-08 18:55:43+00:00,334.0,8.74,7.55,8.15,0.0,0.0,2.0,563,0.2274552352905273,False,REGULAR,USD,put
GLD270115P00335000,2026-07-24 14:10:42+00:00,335.0,7.89,7.8,8.35,1.19,17.761196,2.0,39583,0.22647868255615233,False,REGULAR,USD,put
GLD270115P00336000,2026-07-24 13:31:18+00:00,336.0,8.4,8.0,8.4,-4.1000004,-32.800003,1.0,162,0.2235185070800781,False,REGULAR,USD,put
GLD270115P00337000,2026-07-08 18:56:11+00:00,337.0,9.27,8.25,9.55,0.0,0.0,36.0,31,0.2342911044311523,False,REGULAR,USD,put
GLD270115P00338000,2026-06-11 18:17:02+00:00,338.0,9.7,9.45,10.6,0.0,0.0,2.0,431,0.2433547344970703,False,REGULAR,USD,put
GLD270115P00339000,2026-07-24 18:16:09+00:00,339.0,8.65,8.65,9.1,-1.9500008,-18.396233,2.0,233,0.22141281524658202,False,REGULAR,USD,put
GLD270115P00340000,2026-07-24 19:37:25+00:00,340.0,9.15,8.9,9.5,-0.3800001,-3.9874096,17.0,3183,0.2225877302551269,False,REGULAR,USD,put
GLD270115P00341000,2026-07-23 15:28:56+00:00,341.0,9.94,9.15,9.8,0.0,0.0,1.0,96,0.22246566116333005,False,REGULAR,USD,put
GLD270115P00342000,2026-07-16 19:38:15+00:00,342.0,13.2,9.4,9.85,0.0,0.0,53.0,385,0.21930712341308595,False,REGULAR,USD,put
GLD270115P00343000,2026-07-22 16:33:31+00:00,343.0,8.25,9.65,10.3,0.0,0.0,2.0,228,0.22083298706054685,False,REGULAR,USD,put
GLD270115P00344000,2026-07-13 14:08:19+00:00,344.0,11.4,9.9,10.35,0.0,0.0,6.0,710,0.21759815612792968,False,REGULAR,USD,put
GLD270115P00345000,2026-07-24 16:18:21+00:00,345.0,9.97,10.2,10.65,-0.5699997,-5.4079666,1.0,2785,0.21723194885253905,False,REGULAR,USD,put
GLD270115P00346000,2026-06-08 14:29:54+00:00,346.0,8.45,9.85,12.2,0.0,0.0,15.0,574,0.23088842849731445,False,REGULAR,USD,put
GLD270115P00347000,2026-07-17 15:51:45+00:00,347.0,13.33,10.75,11.2,0.0,0.0,1.0,462,0.2157060852050781,False,REGULAR,USD,put
GLD270115P00348000,2026-07-22 16:33:16+00:00,348.0,9.38,10.8,11.75,0.0,0.0,2.0,717,0.21790332885742186,False,REGULAR,USD,put
GLD270115P00349000,2026-07-21 14:30:42+00:00,349.0,11.85,11.3,11.8,0.0,0.0,1.0,325,0.21448539428710936,False,REGULAR,USD,put
GLD270115P00350000,2026-07-24 19:40:19+00:00,350.0,11.85,11.65,12.0,-0.6499996,-5.199997,26.0,45421,0.21266961654663086,False,REGULAR,USD,put
GLD270115P00351000,2026-07-22 14:40:53+00:00,351.0,10.2,11.95,12.45,0.0,0.0,1.0,1015,0.21352410018920898,False,REGULAR,USD,put
GLD270115P00352000,2026-07-16 13:30:00+00:00,352.0,15.0,12.25,13.0,0.0,0.0,3.0,1827,0.21537039520263673,False,REGULAR,USD,put
GLD270115P00353000,2026-07-23 13:30:12+00:00,353.0,12.8,12.55,13.05,0.0,0.0,1.0,466,0.2117693569946289,False,REGULAR,USD,put
GLD270115P00354000,2026-07-21 14:57:21+00:00,354.0,13.52,12.9,13.4,0.0,0.0,2.0,291,0.21131159790039059,False,REGULAR,USD,put
GLD270115P00355000,2026-07-24 19:49:01+00:00,355.0,13.55,13.25,14.0,-0.5500002,-3.9007106,8.0,1000,0.21341728973388674,False,REGULAR,USD,put
GLD270115P00356000,2026-07-22 18:41:12+00:00,356.0,11.82,13.6,14.05,0.0,0.0,3.0,425,0.20967892379760739,False,REGULAR,USD,put
GLD270115P00357000,2026-07-23 15:14:55+00:00,357.0,14.66,13.95,14.7,0.0,0.0,1.0,284,0.2121355642700195,False,REGULAR,USD,put
GLD270115P00358000,2026-07-22 17:16:08+00:00,358.0,12.15,14.25,14.75,0.0,0.0,11.0,327,0.20829038787841792,False,REGULAR,USD,put
GLD270115P00359000,2026-07-24 19:42:41+00:00,359.0,14.8,14.65,15.45,-0.5799999,-3.7711308,10.0,428,0.21109797698974608,False,REGULAR,USD,put
GLD270115P00360000,2026-07-24 15:41:54+00:00,360.0,14.6,15.0,15.5,-1.0999994,-7.006366,1.0,6316,0.20716124877929684,False,REGULAR,USD,put
GLD270115P00365000,2026-07-24 19:26:08+00:00,365.0,17.43,17.2,17.45,-0.3199997,-1.8028152,3.0,704,0.2038043487548828,False,REGULAR,USD,put
GLD270115P00370000,2026-07-24 19:42:41+00:00,370.0,19.3,19.2,19.65,-0.5700016,-2.8686543,12.0,6439,0.20114934600830076,False,REGULAR,USD,put
GLD270115P00375000,2026-07-24 19:42:56+00:00,375.0,21.75,21.5,22.05,0.07999992,0.36917362,23.0,3278,0.1986164123535156,True,REGULAR,USD,put
GLD270115P00380000,2026-07-24 19:43:36+00:00,380.0,24.2,24.1,24.65,-0.69999886,-2.8112404,13.0,13886,0.1961597718811035,True,REGULAR,USD,put
GLD270115P00385000,2026-07-22 19:55:45+00:00,385.0,23.6,26.85,27.4,0.0,0.0,66.0,928,0.19327588958740233,True,REGULAR,USD,put
GLD270115P00390000,2026-07-24 16:18:21+00:00,390.0,28.98,29.5,30.4,-1.5500011,-5.0769773,1.0,2561,0.19097183547973634,True,REGULAR,USD,put
GLD270115P00395000,2026-07-24 19:15:24+00:00,395.0,33.45,32.9,33.55,-0.54999924,-1.6176448,3.0,5253,0.18824053955078124,True,REGULAR,USD,put
GLD270115P00400000,2026-07-24 13:56:32+00:00,400.0,36.44,36.25,36.95,-0.9600029,-2.5668526,4.0,7832,0.18618062362670895,True,REGULAR,USD,put
GLD270115P00405000,2026-07-24 17:18:01+00:00,405.0,39.35,39.7,40.5,-0.75,-1.8703243,2.0,1820,0.1838002763366699,True,REGULAR,USD,put
GLD270115P00410000,2026-07-23 15:41:24+00:00,410.0,44.39,42.9,44.25,0.0,0.0,4.0,1038,0.18177087768554687,True,REGULAR,USD,put
GLD270115P00415000,2026-07-24 19:46:36+00:00,415.0,47.7,47.25,48.1,6.8100014,16.654442,76.0,6268,0.1789022540283203,True,REGULAR,USD,put
GLD270115P00420000,2026-07-24 19:47:48+00:00,420.0,51.6,51.2,52.15,6.1499977,13.531347,90.0,4009,0.17667449310302735,True,REGULAR,USD,put
GLD270115P00425000,2026-07-21 14:51:34+00:00,425.0,55.38,55.45,56.35,0.0,0.0,1.0,4786,0.1745993185424805,True,REGULAR,USD,put
GLD270115P00430000,2026-07-24 19:48:35+00:00,430.0,60.3,59.65,60.65,1.5999985,2.7257214,9.0,3125,0.1720358676147461,True,REGULAR,USD,put
GLD270115P00435000,2026-07-24 16:40:42+00:00,435.0,63.12,63.75,65.15,-1.0300026,-1.6056159,1.0,2186,0.1712119012451172,True,REGULAR,USD,put
GLD270115P00440000,2026-07-22 19:10:21+00:00,440.0,62.73,68.3,69.8,0.0,0.0,4.0,1361,0.1720053503417969,True,REGULAR,USD,put
GLD270115P00445000,2026-07-24 16:06:47+00:00,445.0,71.9,72.95,74.45,-2.5,-3.360215,1.0,606,0.17127293579101563,True,REGULAR,USD,put
GLD270115P00450000,2026-07-24 18:29:08+00:00,450.0,78.45,77.0,79.7,-0.80000305,-1.0094676,1.0,13379,0.18616536499023437,True,REGULAR,USD,put
GLD270115P00455000,2026-07-22 14:55:37+00:00,455.0,75.51,82.05,84.35,0.0,0.0,6.0,676,0.18415122497558595,True,REGULAR,USD,put
GLD270115P00460000,2026-07-21 19:37:21+00:00,460.0,85.7,86.45,89.85,0.0,0.0,1.0,1926,0.20618469604492184,True,REGULAR,USD,put
GLD270115P00465000,2026-07-23 13:45:17+00:00,465.0,93.0,91.35,95.05,0.0,0.0,3.0,98,0.21930712341308595,True,REGULAR,USD,put
GLD270115P00470000,2026-07-22 16:26:09+00:00,470.0,89.45,96.35,100.05,0.0,0.0,2.0,104,0.22705851074218747,True,REGULAR,USD,put
GLD270115P00475000,2026-07-23 18:54:00+00:00,475.0,105.65,101.35,105.05,0.0,0.0,388.0,258,0.2346878289794922,True,REGULAR,USD,put
GLD270115P00480000,2026-07-24 19:14:26+00:00,480.0,110.1,106.3,110.1,3.25,3.0416472,57.0,38,0.24353783813476562,True,REGULAR,USD,put
GLD270115P00485000,2026-07-24 19:13:53+00:00,485.0,114.95,111.3,115.05,-0.7000046,-0.6052785,58.0,39,0.2495497409057617,True,REGULAR,USD,put
GLD270115P00490000,2026-07-22 13:43:20+00:00,490.0,109.9,116.3,119.55,0.0,0.0,3.0,1,0.2415236981201172,True,REGULAR,USD,put
GLD270115P00495000,2026-06-25 19:13:32+00:00,495.0,122.5,121.3,125.5,0.0,0.0,140.0,0,0.27616080291748035,True,REGULAR,USD,put
GLD270115P00500000,2026-07-24 20:14:08+00:00,500.0,127.8,126.3,130.15,-1.300003,-1.0069736,1756.0,585,0.27374993835449213,True,REGULAR,USD,put
GLD270115P00505000,2026-06-22 15:49:59+00:00,505.0,122.25,131.5,135.5,0.0,0.0,4.0,0,0.29041236938476556,True,REGULAR,USD,put
GLD270115P00510000,2026-07-08 15:13:49+00:00,510.0,139.8,136.3,140.05,0.0,0.0,4.0,0,0.28449201843261707,True,REGULAR,USD,put
GLD270115P00515000,2026-06-23 14:18:50+00:00,515.0,135.41,141.5,145.55,0.0,0.0,1.0,0,0.3055489367675781,True,REGULAR,USD,put
GLD270115P00520000,2026-06-16 17:58:01+00:00,520.0,121.28,146.45,150.55,0.0,0.0,2.0,0,0.3123237713623046,True,REGULAR,USD,put
GLD270115P00525000,2026-06-11 19:21:02+00:00,525.0,142.1,150.8,154.7,0.0,0.0,75.0,0,0.2926096130371093,True,REGULAR,USD,put
GLD270115P00530000,2026-03-23 19:16:39+00:00,530.0,129.55,0.0,0.0,0.0,0.0,1.0,0,1.0000000000000003e-05,True,REGULAR,USD,put
GLD270115P00535000,2026-06-04 19:14:02+00:00,535.0,124.05,0.0,0.0,0.0,0.0,2.0,0,1.0000000000000003e-05,True,REGULAR,USD,put
GLD270115P00540000,2026-07-22 16:28:23+00:00,540.0,159.25,166.3,170.5,0.0,0.0,12.0,0,0.336920693359375,True,REGULAR,USD,put
GLD270115P00545000,2026-02-25 20:42:56+00:00,545.0,86.65,0.0,0.0,0.0,0.0,,0,1.0000000000000003e-05,True,REGULAR,USD,put
GLD270115P00550000,2026-06-05 18:59:27+00:00,550.0,155.05,0.0,0.0,0.0,0.0,225.0,0,1.0000000000000003e-05,True,REGULAR,USD,put
GLD270115P00555000,2026-02-25 18:46:17+00:00,555.0,92.65,0.0,0.0,0.0,0.0,2.0,0,1.0000000000000003e-05,True,REGULAR,USD,put
GLD270115P00560000,2026-02-24 17:26:25+00:00,560.0,99.94,0.0,0.0,0.0,0.0,2.0,0,1.0000000000000003e-05,True,REGULAR,USD,put
GLD270115P00565000,2026-04-24 13:40:24+00:00,565.0,133.43,165.7,169.85,0.0,0.0,2.0,0,1.0000000000000003e-05,True,REGULAR,USD,put
GLD270115P00570000,2026-04-20 13:47:19+00:00,570.0,128.75,170.7,174.85,0.0,0.0,4.0,0,1.0000000000000003e-05,True,REGULAR,USD,put
GLD270115P00575000,2026-03-19 14:16:42+00:00,575.0,151.98,129.6,133.5,0.0,0.0,5.0,23,1.0000000000000003e-05,True,REGULAR,USD,put
GLD270115P00580000,2026-01-29 18:44:47+00:00,580.0,108.26,122.4,126.75,0.0,0.0,90.0,48,1.0000000000000003e-05,True,REGULAR,USD,put
GLD270115P00585000,2026-03-12 13:40:48+00:00,585.0,117.53,139.0,143.0,0.0,0.0,5.0,57,1.0000000000000003e-05,True,REGULAR,USD,put
GLD270115P00590000,2026-02-18 20:59:19+00:00,590.0,137.14,0.0,0.0,0.0,0.0,1.0,0,1.0000000000000003e-05,True,REGULAR,USD,put
GLD270115P00595000,2026-02-13 19:01:12+00:00,595.0,136.6,0.0,0.0,0.0,0.0,2.0,0,1.0000000000000003e-05,True,REGULAR,USD,put
GLD270115P00600000,2026-07-24 19:19:28+00:00,600.0,229.0,226.3,230.05,0.69999695,0.30661276,102.0,8,0.39124143920898435,True,REGULAR,USD,put
GLD270115P00605000,2026-05-14 20:02:37+00:00,605.0,177.66,204.45,208.45,0.0,0.0,1.0,0,1.0000000000000003e-05,True,REGULAR,USD,put
GLD270115P00610000,2026-04-16 20:07:14+00:00,610.0,170.1,210.7,214.75,0.0,0.0,1.0,0,1.0000000000000003e-05,True,REGULAR,USD,put
GLD270115P00615000,2026-03-16 19:01:37+00:00,615.0,156.45,168.0,172.0,0.0,0.0,4.0,0,1.0000000000000003e-05,True,REGULAR,USD,put
GLD270115P00620000,2026-02-13 19:10:50+00:00,620.0,159.0,0.0,0.0,0.0,0.0,2.0,0,1.0000000000000003e-05,True,REGULAR,USD,put
GLD270115P00625000,2026-01-29 19:37:45+00:00,625.0,145.87,163.6,167.95,0.0,0.0,21.0,19,1.0000000000000003e-05,True,REGULAR,USD,put
GLD270115P00630000,2026-02-05 17:38:33+00:00,630.0,184.35,168.3,172.65,0.0,0.0,2.0,64,1.0000000000000003e-05,True,REGULAR,USD,put
GLD270115P00635000,2026-01-29 19:37:05+00:00,635.0,155.93,173.1,177.45,0.0,0.0,,48,1.0000000000000003e-05,True,REGULAR,USD,put
GLD270115P00640000,2026-03-04 14:35:43+00:00,640.0,167.79,0.0,0.0,0.0,0.0,1.0,0,1.0000000000000003e-05,True,REGULAR,USD,put
GLD270115P00645000,2026-03-26 20:05:08+00:00,645.0,245.3,0.0,0.0,0.0,0.0,1.0,0,1.0000000000000003e-05,True,REGULAR,USD,put
GLD270115P00650000,2026-06-16 18:07:06+00:00,650.0,251.16,276.55,280.5,0.0,0.0,1.0,0,0.4578911633300782,True,REGULAR,USD,put
GLD270115P00655000,2026-04-24 15:04:32+00:00,655.0,221.39,255.7,259.85,0.0,0.0,1.0,0,1.0000000000000003e-05,True,REGULAR,USD,put
GLD270115P00660000,2026-03-03 14:44:07+00:00,660.0,195.6,0.0,0.0,0.0,0.0,2.0,0,1.0000000000000003e-05,True,REGULAR,USD,put
GLD270115P00665000,2026-03-03 16:59:15+00:00,665.0,195.0,0.0,0.0,0.0,0.0,,0,1.0000000000000003e-05,True,REGULAR,USD,put
GLD270115P00670000,2026-01-29 16:01:50+00:00,670.0,194.1,207.2,211.45,0.0,0.0,,0,1.0000000000000003e-05,True,REGULAR,USD,put
GLD270115P00675000,2026-02-04 16:26:58+00:00,675.0,224.45,212.15,216.4,0.0,0.0,2.0,0,1.0000000000000003e-05,True,REGULAR,USD,put
GLD270115P00700000,2026-02-20 14:40:57+00:00,700.0,236.65,0.0,0.0,0.0,0.0,4.0,0,1.0000000000000003e-05,True,REGULAR,USD,put
GLD270115P00710000,2026-02-26 16:16:49+00:00,710.0,234.3,0.0,0.0,0.0,0.0,,0,1.0000000000000003e-05,True,REGULAR,USD,put
GLD270115P00720000,2026-02-05 17:38:47+00:00,720.0,272.35,257.0,261.35,0.0,0.0,2.0,0,1.0000000000000003e-05,True,REGULAR,USD,put
GLD270115P00735000,2026-03-02 15:31:50+00:00,735.0,244.0,0.0,0.0,0.0,0.0,,0,1.0000000000000003e-05,True,REGULAR,USD,put
GLD270115P00745000,2026-03-02 16:01:05+00:00,745.0,259.3,0.0,0.0,0.0,0.0,,0,1.0000000000000003e-05,True,REGULAR,USD,put
GLD270115P00750000,2026-02-20 14:40:57+00:00,750.0,285.58,0.0,0.0,0.0,0.0,4.0,0,1.0000000000000003e-05,True,REGULAR,USD,put
GLD270115P00760000,2026-03-27 18:46:46+00:00,760.0,344.29,0.0,0.0,0.0,0.0,2.0,0,1.0000000000000003e-05,True,REGULAR,USD,put
GLD270115P00880000,2026-01-30 20:25:03+00:00,880.0,430.5,417.0,421.35,0.0,0.0,10.0,0,1.0000000000000003e-05,True,REGULAR,USD,put
GLD270115P00900000,2026-06-30 17:04:20+00:00,900.0,529.8,526.3,530.15,0.0,0.0,1.0,0,0.6364172100830079,True,REGULAR,USD,put
